[{"Date1":"2023-03-01","Date2":"2023-03-01","Time":"11:57:58","MessageBody":"Acte.pdf","UserPhone":"212661249990","ToUserPhone":"212663346216","MediaType":"","MediaLink":""},{"Date1":"2023-03-17","Date2":"2023-03-17","Time":"11:23:30","MessageBody":"6865468.jpg","UserPhone":"212663346216","ToUserPhone":"212661249990","MediaType":"","MediaLink":""},{"Date1":"2023-03-17","Date2":"2023-03-17","Time":"11:23:30","MessageBody":"modele_de_facture_bleu.xlsx","UserPhone":"212663346216","ToUserPhone":"212661249990","MediaType":"","MediaLink":""},{"Date1":"2023-03-17","Date2":"2023-03-17","Time":"12:35:28","MessageBody":"Blue and White Elegant Business Card (2).pdf","UserPhone":"212661249990","ToUserPhone":"212663346216","MediaType":"","MediaLink":""}]