[{"Date1":"2023-02-21","Date2":"2023-02-21","Time":"11:55:21","MessageBody":"Campagne de prospects personnalisée 06_01_2023 Publicité_Leads_2023-02-15_2023-02-17 (1).xls","UserPhone":"212663423733","ToUserPhone":"212663346216","MediaType":"","MediaLink":""},{"Date1":"2023-02-21","Date2":"2023-02-21","Time":"11:55:21","MessageBody":"Campagne de prospects personnalisée 06_01_2023 Publicité_Leads_2023-02-15_2023-02-17.xls","UserPhone":"212663423733","ToUserPhone":"212663346216","MediaType":"","MediaLink":""},{"Date1":"2023-02-21","Date2":"2023-02-21","Time":"14:26:49","MessageBody":"ocre tiecket 21-02-2023.pdf","UserPhone":"212663423733","ToUserPhone":"212663346216","MediaType":"","MediaLink":""},{"Date1":"2023-02-23","Date2":"2023-02-23","Time":"15:19:08","MessageBody":"SHERIN FIN 4 FIN.mp4","UserPhone":"212663423733","ToUserPhone":"212663346216","MediaType":"","MediaLink":""},{"Date1":"2023-02-28","Date2":"2023-02-28","Time":"13:53:23","MessageBody":"Facture DR FATIMA 28-02-2023.pdf","UserPhone":"212663423733","ToUserPhone":"212663346216","MediaType":"","MediaLink":""},{"Date1":"2023-02-28","Date2":"2023-02-28","Time":"13:53:23","MessageBody":"Echenacier paiment 2 Dr Fatimaezzahra.pdf","UserPhone":"212663423733","ToUserPhone":"212663346216","MediaType":"","MediaLink":""},{"Date1":"2023-03-01","Date2":"2023-03-01","Time":"15:27:15","MessageBody":"DrRAFI.xlsx","UserPhone":"212663346216","ToUserPhone":"212663423733","MediaType":"","MediaLink":""},{"Date1":"2023-03-02","Date2":"2023-03-02","Time":"10:34:34","MessageBody":"6865468.jpg","UserPhone":"212663423733","ToUserPhone":"212663346216","MediaType":"","MediaLink":""},{"Date1":"2023-03-02","Date2":"2023-03-02","Time":"10:37:54","MessageBody":"modele_de_facture_bleu.xlsx","UserPhone":"212663423733","ToUserPhone":"212663346216","MediaType":"","MediaLink":""},{"Date1":"2023-03-02","Date2":"2023-03-02","Time":"14:00:56","MessageBody":"CLIENTZENITUDE.xlsx","UserPhone":"212663346216","ToUserPhone":"212663423733","MediaType":"","MediaLink":""},{"Date1":"2023-03-07","Date2":"2023-03-07","Time":"10:53:32","MessageBody":"16685019297162.zip","UserPhone":"212663423733","ToUserPhone":"212663346216","MediaType":"","MediaLink":""},{"Date1":"2023-03-14","Date2":"2023-03-14","Time":"15:52:53","MessageBody":"Campagne de prospects personnalisée 06_01_2023 Publicité_Leads_2023-02-15_2023-02-17.xls","UserPhone":"212663423733","ToUserPhone":"212663346216","MediaType":"","MediaLink":""},{"Date1":"2023-03-14","Date2":"2023-03-14","Time":"15:52:53","MessageBody":"Campagne de prospects personnalisée 06_01_2023 Publicité_Leads_2023-02-15_2023-02-17 (1).xls","UserPhone":"212663423733","ToUserPhone":"212663346216","MediaType":"","MediaLink":""},{"Date1":"2023-03-14","Date2":"2023-03-14","Time":"15:52:53","MessageBody":"Campagne de prospects personnalisée 06_01_2023 Publicité_Leads_2023-02-05_2023-02-06.xls","UserPhone":"212663423733","ToUserPhone":"212663346216","MediaType":"","MediaLink":""},{"Date1":"2023-03-14","Date2":"2023-03-14","Time":"15:52:53","MessageBody":"Campagne de prospects personnalisée 06_01_2023 Publicité_Leads_2023-01-06_2023-01-09 (1).xls","UserPhone":"212663423733","ToUserPhone":"212663346216","MediaType":"","MediaLink":""},{"Date1":"2023-03-14","Date2":"2023-03-14","Time":"15:52:53","MessageBody":"Campagne de prospects personnalisée 06_01_2023 Publicité_Leads_2023-01-06_2023-01-09 (4).xls","UserPhone":"212663423733","ToUserPhone":"212663346216","MediaType":"","MediaLink":""},{"Date1":"2023-03-14","Date2":"2023-03-14","Time":"15:52:53","MessageBody":"Campagne de prospects personnalisée 06_01_2023 Publicité_Leads_2023-01-06_2023-01-09.xls","UserPhone":"212663423733","ToUserPhone":"212663346216","MediaType":"","MediaLink":""},{"Date1":"2023-03-14","Date2":"2023-03-14","Time":"15:52:53","MessageBody":"Campagne de prospects personnalisée 06_01_2023 Publicité_Leads_2023-01-06_2023-01-09 (5).xls","UserPhone":"212663423733","ToUserPhone":"212663346216","MediaType":"","MediaLink":""},{"Date1":"2023-03-14","Date2":"2023-03-14","Time":"15:52:53","MessageBody":"Campagne de prospects personnalisée 06_01_2023 Publicité_Leads_2023-01-06_2023-01-10.xls","UserPhone":"212663423733","ToUserPhone":"212663346216","MediaType":"","MediaLink":""},{"Date1":"2023-03-14","Date2":"2023-03-14","Time":"15:52:53","MessageBody":"Campagne de prospects personnalisée 06_01_2023 Publicité_Leads_2023-01-06_2023-01-11 (1).xls","UserPhone":"212663423733","ToUserPhone":"212663346216","MediaType":"","MediaLink":""},{"Date1":"2023-03-14","Date2":"2023-03-14","Time":"15:52:53","MessageBody":"Campagne de prospects personnalisée 06_01_2023 Publicité_Leads_2023-01-06_2023-01-17 (1).xls","UserPhone":"212663423733","ToUserPhone":"212663346216","MediaType":"","MediaLink":""},{"Date1":"2023-03-14","Date2":"2023-03-14","Time":"15:52:53","MessageBody":"Campagne de prospects personnalisée 06_01_2023 Publicité_Leads_2023-01-06_2023-01-12.xls","UserPhone":"212663423733","ToUserPhone":"212663346216","MediaType":"","MediaLink":""},{"Date1":"2023-03-14","Date2":"2023-03-14","Time":"15:52:54","MessageBody":"Campagne de prospects personnalisée 06_01_2023 Publicité_Leads_2023-01-17_2023-01-17.xls","UserPhone":"212663423733","ToUserPhone":"212663346216","MediaType":"","MediaLink":""},{"Date1":"2023-03-14","Date2":"2023-03-14","Time":"15:52:54","MessageBody":"Campagne de prospects personnalisée 06_01_2023 Publicité_Leads_2023-01-16_2023-01-18.xls","UserPhone":"212663423733","ToUserPhone":"212663346216","MediaType":"","MediaLink":""},{"Date1":"2023-03-14","Date2":"2023-03-14","Time":"15:52:54","MessageBody":"Campagne de prospects personnalisée 06_01_2023 Publicité_Leads_2023-01-21_2023-01-24.xls","UserPhone":"212663423733","ToUserPhone":"212663346216","MediaType":"","MediaLink":""},{"Date1":"2023-03-14","Date2":"2023-03-14","Time":"15:52:54","MessageBody":"Campagne de prospects personnalisée 06_01_2023 Publicité_Leads_2023-01-06_2023-01-13 (2).xls","UserPhone":"212663423733","ToUserPhone":"212663346216","MediaType":"","MediaLink":""},{"Date1":"2023-03-14","Date2":"2023-03-14","Time":"15:52:54","MessageBody":"Campagne de prospects personnalisée 06_01_2023 Publicité_Leads_2023-01-29_2023-01-29.xls","UserPhone":"212663423733","ToUserPhone":"212663346216","MediaType":"","MediaLink":""},{"Date1":"2023-03-15","Date2":"2023-03-15","Time":"15:21:25","MessageBody":"Bon livraison 08-02-2023.pdf","UserPhone":"212663423733","ToUserPhone":"212663346216","MediaType":"","MediaLink":""},{"Date1":"2023-03-15","Date2":"2023-03-15","Time":"16:44:43","MessageBody":"Campagne de prospects personnalisée 06_01_2023 Publicité_Leads_2023-03-14_2023-03-14.csv","UserPhone":"212663423733","ToUserPhone":"212663346216","MediaType":"","MediaLink":""},{"Date1":"2023-03-16","Date2":"2023-03-16","Time":"09:08:11","MessageBody":"Campagne de prospects personnalisée 06_01_2023 Publicité_Leads_2023-03-14_2023-03-15.csv","UserPhone":"212663423733","ToUserPhone":"212663346216","MediaType":"","MediaLink":""},{"Date1":"2023-03-17","Date2":"2023-03-17","Time":"10:23:27","MessageBody":"Mynuance.xlsx","UserPhone":"212663346216","ToUserPhone":"212663423733","MediaType":"","MediaLink":""},{"Date1":"2023-03-17","Date2":"2023-03-17","Time":"10:53:57","MessageBody":"6865468.jpg","UserPhone":"212663423733","ToUserPhone":"212663346216","MediaType":"","MediaLink":""},{"Date1":"2023-03-17","Date2":"2023-03-17","Time":"10:53:57","MessageBody":"modele_de_facture_bleu.xlsx","UserPhone":"212663423733","ToUserPhone":"212663346216","MediaType":"","MediaLink":""},{"Date1":"2023-03-17","Date2":"2023-03-17","Time":"12:00:03","MessageBody":"Nouvelle publicité de Prospects_Leads_2023-03-16_2023-03-16 (1).csv","UserPhone":"212663423733","ToUserPhone":"212663346216","MediaType":"","MediaLink":""},{"Date1":"2023-03-17","Date2":"2023-03-17","Time":"12:10:35","MessageBody":"Acte.docx","UserPhone":"212663346216","ToUserPhone":"212663423733","MediaType":"","MediaLink":""},{"Date1":"2023-03-17","Date2":"2023-03-17","Time":"12:32:42","MessageBody":"SHERIN ROLL-UP (1).ai","UserPhone":"212663423733","ToUserPhone":"212663346216","MediaType":"","MediaLink":""},{"Date1":"2023-03-17","Date2":"2023-03-17","Time":"18:11:43","MessageBody":"DEVIS SALIM BOUZIDE Y 17-03-2023.pdf","UserPhone":"212663423733","ToUserPhone":"212663346216","MediaType":"","MediaLink":""},{"Date1":"2023-03-18","Date2":"2023-03-18","Time":"09:23:50","MessageBody":"ordonance 2 Fin.jpg","UserPhone":"212663423733","ToUserPhone":"212663346216","MediaType":"","MediaLink":""},{"Date1":"2023-03-18","Date2":"2023-03-18","Time":"09:24:04","MessageBody":"Acte.docx","UserPhone":"212663346216","ToUserPhone":"212663423733","MediaType":"","MediaLink":""},{"Date1":"2023-03-18","Date2":"2023-03-18","Time":"11:34:39","MessageBody":"Leads Sherin 18-03-2023.xlsx","UserPhone":"212663423733","ToUserPhone":"212663346216","MediaType":"","MediaLink":""},{"Date1":"2023-03-18","Date2":"2023-03-18","Time":"15:37:06","MessageBody":"Ombré à Partir de 500 dhs (avec OLAPLEX).Réservez vite sur whatsapp ou appelez nous sur - 0707745584 Adresse- Rue Ibn Sina Nouri Atlassi Residence Le Noyer c. Guéliz (derrière le centre américain)#centrebeaute #special #offres #dames .mp4","UserPhone":"212663423733","ToUserPhone":"212663346216","MediaType":"","MediaLink":""},{"Date1":"2023-03-18","Date2":"2023-03-18","Time":"15:37:07","MessageBody":"RESTRUCTURATION DES SOURCILS.Réservez vite sur whatsapp ou appelez nous sur - 0707745584 Adresse- Rue Ibn Sina Nouri Atlassi Residence Le Noyer c. Guéliz MARRAKECH(derrière le centre américain)#centrebeaute #special #offres #dames #soin.mp4","UserPhone":"212663423733","ToUserPhone":"212663346216","MediaType":"","MediaLink":""},{"Date1":"2023-03-18","Date2":"2023-03-18","Time":"15:37:08","MessageBody":"Microneedling à partir de 500 Dhs, Ce résultat est obtenu après 3 séances.Réservez vite sur whatsapp ou appelez nous sur - 0707745584 Adresse- Rue Ibn Sina Nouri Atlassi Residence Le Noyer c. Guéliz (derrière le centre américain)#ce.mp4","UserPhone":"212663423733","ToUserPhone":"212663346216","MediaType":"","MediaLink":""},{"Date1":"2023-03-18","Date2":"2023-03-18","Time":"15:37:10","MessageBody":"Coloration Rouge Cuivre à Partir de 500 dhs (avec OLAPLEX).Réservez vite sur whatsapp ou appelez nous sur - 0707745584 Adresse- Rue Ibn Sina Nouri Atlassi Residence Le Noyer c. Guéliz MARRAKECH(derrière le centre américain).#centrebeau.mp4","UserPhone":"212663423733","ToUserPhone":"212663346216","MediaType":"","MediaLink":""},{"Date1":"2023-03-18","Date2":"2023-03-18","Time":"15:37:10","MessageBody":"Coloration Rose Gold à Partir de 500 dhs (avec OLAPLEX).Réservez vite sur whatsapp ou appelez nous sur - 0707745584 Adresse- Rue Ibn Sina Nouri Atlassi Residence Le Noyer c. Guéliz (derrière le centre américain)#centrebeaute #special #.mp4","UserPhone":"212663423733","ToUserPhone":"212663346216","MediaType":"","MediaLink":""},{"Date1":"2023-03-18","Date2":"2023-03-18","Time":"15:37:11","MessageBody":"BB GLOW à partir de 500 Dhs.Réservez vite sur whatsapp ou appelez nous sur - 0707745584 Adresse- Rue Ibn Sina Nouri Atlassi Residence Le Noyer c. Guéliz (derrière le centre américain)#centrebeaute #special #offres #dames #soin #soinlif.mp4","UserPhone":"212663423733","ToUserPhone":"212663346216","MediaType":"","MediaLink":""},{"Date1":"2023-03-18","Date2":"2023-03-18","Time":"15:37:13","MessageBody":"Microneedling à partir de 500 Dhs.Réservez vite sur whatsapp ou appelez nous sur - 0707745584 Adresse- Rue Ibn Sina Nouri Atlassi Residence Le Noyer c. Guéliz (derrière le centre américain)#centrebeaute #special #offres #dames #soin #s.mp4","UserPhone":"212663423733","ToUserPhone":"212663346216","MediaType":"","MediaLink":""},{"Date1":"2023-03-18","Date2":"2023-03-18","Time":"15:37:14","MessageBody":"Offre 2.wav","UserPhone":"212663423733","ToUserPhone":"212663346216","MediaType":"","MediaLink":""},{"Date1":"2023-03-18","Date2":"2023-03-18","Time":"15:37:16","MessageBody":"Beauty.wav","UserPhone":"212663423733","ToUserPhone":"212663346216","MediaType":"","MediaLink":""},{"Date1":"2023-03-18","Date2":"2023-03-18","Time":"15:37:17","MessageBody":"Offre 1.wav","UserPhone":"212663423733","ToUserPhone":"212663346216","MediaType":"","MediaLink":""},{"Date1":"2023-03-22","Date2":"2023-03-22","Time":"12:18:14","MessageBody":"DOSSIER JURIDIQUE CREATION BEAUTY MED CENTER(1)_38.pdf","UserPhone":"212663423733","ToUserPhone":"212663346216","MediaType":"","MediaLink":""},{"Date1":"2023-03-22","Date2":"2023-03-22","Time":"17:17:49","MessageBody":"Ocre ticket face1 copie.jpg","UserPhone":"212663423733","ToUserPhone":"212663346216","MediaType":"","MediaLink":""},{"Date1":"2023-03-25","Date2":"2023-03-25","Time":"11:31:10","MessageBody":"Campagne de prospects personnalisée 06_01_2023 Publicité_Leads_2023-03-22_2023-03-24.csv","UserPhone":"212663423733","ToUserPhone":"212663346216","MediaType":"","MediaLink":""},{"Date1":"2023-03-29","Date2":"2023-03-29","Time":"13:12:47","MessageBody":"RC (72).pdf","UserPhone":"212663346216","ToUserPhone":"212663423733","MediaType":"","MediaLink":""}]